{
  "5": {
    "rmse": 0.5941811538588547,
    "variance_explained": 0.2799459008848113
  },
  "10": {
    "rmse": 0.5157464410983096,
    "variance_explained": 0.4248608211378526
  },
  "15": {
    "rmse": 0.4466785128607504,
    "variance_explained": 0.5396761732556853
  },
  "20": {
    "rmse": 0.388225239632055,
    "variance_explained": 0.6346378792781947
  },
  "25": {
    "rmse": 0.33365615964785006,
    "variance_explained": 0.7155449416402321
  }
}